Dataset,Algorithm,Confusion Matrix,Accuracy,Precision_0,Recall_0,F1_0,Support_0,Precision_1,Recall_1,F1_1,Support_1,Number of Positive Samples,Number of Negative Samples,Execution Time (s),Model Group
LABR,MultinomialNB (default),"[[   3 1624]
 [   0 8055]]",0.8323,1.0,0.0018,0.0037,1627,0.8322,1.0,0.9084,8055,40528,7881,0.0462,MultinomialNB
LABR_Balanced,MultinomialNB (default),"[[7799  335]
 [1407 6671]]",0.8925,0.8472,0.9588,0.8995,8134,0.9522,0.8258,0.8845,8078,40528,40528,0.0658,MultinomialNB
LABR_Preprocessed,MultinomialNB (default),"[[   8 1581]
 [   1 8089]]",0.8366,0.8889,0.005,0.01,1589,0.8365,0.9999,0.9109,8090,40514,7877,0.0306,MultinomialNB
LABR_Preprocessed_Balanced,MultinomialNB (default),"[[7005 1093]
 [1580 6528]]",0.8351,0.816,0.865,0.8398,8098,0.8566,0.8051,0.8301,8108,40514,40514,0.0435,MultinomialNB
LABR,MultinomialNB (alpha=0.01),"[[ 403 1224]
 [ 102 7953]]",0.863,0.798,0.2477,0.378,1627,0.8666,0.9873,0.9231,8055,40528,7881,0.0451,MultinomialNB
LABR_Balanced,MultinomialNB (alpha=0.0001),"[[7920  214]
 [ 725 7353]]",0.9421,0.9161,0.9737,0.944,8134,0.9717,0.9103,0.94,8078,40528,40528,0.111,MultinomialNB
LABR_Preprocessed,MultinomialNB (alpha=0.01),"[[ 244 1345]
 [  56 8034]]",0.8553,0.8133,0.1536,0.2583,1589,0.8566,0.9931,0.9198,8090,40514,7877,0.0378,MultinomialNB
LABR_Preprocessed_Balanced,MultinomialNB (alpha=0.0001),"[[7245  853]
 [1390 6718]]",0.8616,0.839,0.8947,0.866,8098,0.8873,0.8286,0.8569,8108,40514,40514,0.0567,MultinomialNB
LABR,ComplementNB (default),"[[  93 1534]
 [  43 8012]]",0.8371,0.6838,0.0572,0.1055,1627,0.8393,0.9947,0.9104,8055,40528,7881,0.1065,ComplementNB
LABR_Balanced,ComplementNB (default),"[[7803  331]
 [1434 6644]]",0.8911,0.8448,0.9593,0.8984,8134,0.9525,0.8225,0.8827,8078,40528,40528,0.1121,ComplementNB
LABR_Preprocessed,ComplementNB (default),"[[ 224 1365]
 [ 126 7964]]",0.846,0.64,0.141,0.231,1589,0.8537,0.9844,0.9144,8090,40514,7877,0.0302,ComplementNB
LABR_Preprocessed_Balanced,ComplementNB (default),"[[7002 1096]
 [1579 6529]]",0.8349,0.816,0.8647,0.8396,8098,0.8563,0.8053,0.83,8108,40514,40514,0.0336,ComplementNB
LABR,ComplementNB (alpha=0.05),"[[ 962  665]
 [ 717 7338]]",0.8573,0.573,0.5913,0.582,1627,0.9169,0.911,0.9139,8055,40528,7881,0.0466,ComplementNB
LABR_Balanced,ComplementNB (alpha=0.0001),"[[7921  213]
 [ 749 7329]]",0.9407,0.9136,0.9738,0.9428,8134,0.9718,0.9073,0.9384,8078,40528,40528,0.0708,ComplementNB
LABR_Preprocessed,ComplementNB (alpha=0.1),"[[1027  562]
 [1057 7033]]",0.8327,0.4928,0.6463,0.5592,1589,0.926,0.8693,0.8968,8090,40514,7877,0.0296,ComplementNB
LABR_Preprocessed_Balanced,ComplementNB (alpha=0.0001),"[[7245  853]
 [1389 6719]]",0.8617,0.8391,0.8947,0.866,8098,0.8873,0.8287,0.857,8108,40514,40514,0.0401,ComplementNB
LABR,LinearSVC (default),"[[ 770  857]
 [ 236 7819]]",0.8871,0.7654,0.4733,0.5849,1627,0.9012,0.9707,0.9347,8055,40528,7881,0.7547,LinearSVC
LABR_Balanced,LinearSVC (default),"[[8034  100]
 [ 601 7477]]",0.9568,0.9304,0.9877,0.9582,8134,0.9868,0.9256,0.9552,8078,40528,40528,1.5855,LinearSVC
LABR_Preprocessed,LinearSVC (default),"[[ 697  892]
 [ 314 7776]]",0.8754,0.6894,0.4386,0.5362,1589,0.8971,0.9612,0.928,8090,40514,7877,0.9759,LinearSVC
LABR_Preprocessed_Balanced,LinearSVC (default),"[[7533  565]
 [1153 6955]]",0.894,0.8673,0.9302,0.8976,8098,0.9249,0.8578,0.8901,8108,40514,40514,4.816,LinearSVC
LABR,LinearSVC (C=2.0),"[[ 817  810]
 [ 293 7762]]",0.8861,0.736,0.5022,0.597,1627,0.9055,0.9636,0.9337,8055,40528,7881,1.473,LinearSVC
LABR_Balanced,LinearSVC (C=5.0),"[[8065   69]
 [ 599 7479]]",0.9588,0.9309,0.9915,0.9602,8134,0.9909,0.9258,0.9573,8078,40528,40528,7.7383,LinearSVC
LABR_Preprocessed,LinearSVC (C=1.0),"[[ 697  892]
 [ 314 7776]]",0.8754,0.6894,0.4386,0.5362,1589,0.8971,0.9612,0.928,8090,40514,7877,1.0063,LinearSVC
LABR_Preprocessed_Balanced,LinearSVC (C=5.0),"[[7682  416]
 [1158 6950]]",0.9029,0.869,0.9486,0.9071,8098,0.9435,0.8572,0.8983,8108,40514,40514,9.8436,LinearSVC
LABR,LogisticRegression (default),"[[ 508 1119]
 [  89 7966]]",0.8752,0.8509,0.3122,0.4568,1627,0.8768,0.989,0.9295,8055,40528,7881,5.9545,LogisticRegression
LABR_Balanced,LogisticRegression (default),"[[7586  548]
 [ 846 7232]]",0.914,0.8997,0.9326,0.9159,8134,0.9296,0.8953,0.9121,8078,40528,40528,2.4088,LogisticRegression
LABR_Preprocessed,LogisticRegression (default),"[[ 555 1034]
 [ 135 7955]]",0.8792,0.8043,0.3493,0.4871,1589,0.885,0.9833,0.9316,8090,40514,7877,1.2245,LogisticRegression
LABR_Preprocessed_Balanced,LogisticRegression (default),"[[6956 1142]
 [1264 6844]]",0.8515,0.8462,0.859,0.8526,8098,0.857,0.8441,0.8505,8108,40514,40514,0.8946,LogisticRegression
LABR,LogisticRegression (C=10.0),"[[ 759  868]
 [ 219 7836]]",0.8877,0.7761,0.4665,0.5827,1627,0.9003,0.9728,0.9351,8055,40528,7881,7.2576,LogisticRegression
LABR_Balanced,LogisticRegression (C=10.0),"[[8021  113]
 [ 624 7454]]",0.9545,0.9278,0.9861,0.9561,8134,0.9851,0.9228,0.9529,8078,40528,40528,6.1326,LogisticRegression
LABR_Preprocessed,LogisticRegression (C=5.0),"[[ 677  912]
 [ 259 7831]]",0.879,0.7233,0.4261,0.5362,1589,0.8957,0.968,0.9304,8090,40514,7877,1.8389,LogisticRegression
LABR_Preprocessed_Balanced,LogisticRegression (C=10.0),"[[7453  645]
 [1132 6976]]",0.8903,0.8681,0.9204,0.8935,8098,0.9154,0.8604,0.887,8108,40514,40514,1.8952,LogisticRegression
LABR,RandomForest (default),"[[ 202 1425]
 [  32 8023]]",0.8495,0.8632,0.1242,0.2171,1627,0.8492,0.996,0.9168,8055,40528,7881,372.2562,RandomForest
LABR_Balanced,RandomForest (default),"[[8048   86]
 [ 208 7870]]",0.9819,0.9748,0.9894,0.9821,8134,0.9892,0.9743,0.9817,8078,40528,40528,705.8386,RandomForest
LABR_Preprocessed,RandomForest (default),"[[ 224 1365]
 [  47 8043]]",0.8541,0.8266,0.141,0.2409,1589,0.8549,0.9942,0.9193,8090,40514,7877,126.9855,RandomForest
LABR_Preprocessed_Balanced,RandomForest (default),"[[7987  111]
 [ 186 7922]]",0.9817,0.9772,0.9863,0.9817,8098,0.9862,0.9771,0.9816,8108,40514,40514,261.1649,RandomForest
LABR,RandomForest (n_estimators=10),"[[ 362 1265]
 [ 150 7905]]",0.8539,0.707,0.2225,0.3385,1627,0.8621,0.9814,0.9179,8055,40528,7881,35.7044,RandomForest
LABR_Balanced,RandomForest (n_estimators=500),"[[8044   90]
 [ 186 7892]]",0.983,0.9774,0.9889,0.9831,8134,0.9887,0.977,0.9828,8078,40528,40528,3611.2251,RandomForest
LABR_Preprocessed,RandomForest (n_estimators=10),"[[ 344 1245]
 [ 171 7919]]",0.8537,0.668,0.2165,0.327,1589,0.8641,0.9789,0.9179,8090,40514,7877,13.5333,RandomForest
LABR_Preprocessed_Balanced,RandomForest (n_estimators=300),"[[7984  114]
 [ 152 7956]]",0.9836,0.9813,0.9859,0.9836,8098,0.9859,0.9813,0.9836,8108,40514,40514,797.3102,RandomForest
LABR,KNN (default),"[[  30 1597]
 [  10 8045]]",0.834,0.75,0.0184,0.036,1627,0.8344,0.9988,0.9092,8055,40528,7881,23.3846,KNN
LABR_Balanced,KNN (default),"[[7912  222]
 [4534 3544]]",0.7066,0.6357,0.9727,0.7689,8134,0.9411,0.4387,0.5984,8078,40528,40528,49.9296,KNN
LABR_Preprocessed,KNN (default),"[[ 356 1233]
 [ 240 7850]]",0.8478,0.5973,0.224,0.3259,1589,0.8643,0.9703,0.9142,8090,40514,7877,16.6665,KNN
LABR_Preprocessed_Balanced,KNN (default),"[[7435  663]
 [1938 6170]]",0.8395,0.7932,0.9181,0.8511,8098,0.903,0.761,0.8259,8108,40514,40514,47.5524,KNN
LABR,KNN (k=17),"[[ 116 1511]
 [  13 8042]]",0.8426,0.8992,0.0713,0.1321,1627,0.8418,0.9984,0.9134,8055,40528,7881,17.6193,KNN
LABR_Balanced,KNN (k=15),"[[8057   77]
 [1608 6470]]",0.8961,0.8336,0.9905,0.9053,8134,0.9882,0.8009,0.8848,8078,40528,40528,50.3198,KNN
LABR_Preprocessed,KNN (k=1),"[[ 548 1041]
 [ 742 7348]]",0.8158,0.4248,0.3449,0.3807,1589,0.8759,0.9083,0.8918,8090,40514,7877,16.9022,KNN
LABR_Preprocessed_Balanced,KNN (k=1),"[[7996  102]
 [ 895 7213]]",0.9385,0.8993,0.9874,0.9413,8098,0.9861,0.8896,0.9354,8108,40514,40514,48.2265,KNN
LABR,AdaBoost (default),"[[   6 1621]
 [   0 8055]]",0.8326,1.0,0.0037,0.0073,1627,0.8325,1.0,0.9086,8055,40528,7881,32.0453,AdaBoost
LABR_Balanced,AdaBoost (default),"[[4285 3849]
 [1792 6286]]",0.652,0.7051,0.5268,0.6031,8134,0.6202,0.7782,0.6903,8078,40528,40528,44.381,AdaBoost
LABR_Preprocessed,AdaBoost (default),"[[   1 1588]
 [   0 8090]]",0.8359,1.0,0.0006,0.0013,1589,0.8359,1.0,0.9106,8090,40514,7877,20.5723,AdaBoost
LABR_Preprocessed_Balanced,AdaBoost (default),"[[7282  816]
 [5255 2853]]",0.6254,0.5808,0.8992,0.7058,8098,0.7776,0.3519,0.4845,8108,40514,40514,29.2817,AdaBoost
LABR,AdaBoost (n_estimators=500),"[[ 128 1499]
 [  29 8026]]",0.8422,0.8153,0.0787,0.1435,1627,0.8426,0.9964,0.9131,8055,40528,7881,310.7671,AdaBoost
LABR_Balanced,AdaBoost (n_estimators=500),"[[5294 2840]
 [1824 6254]]",0.7123,0.7437,0.6508,0.6942,8134,0.6877,0.7742,0.7284,8078,40528,40528,441.7348,AdaBoost
LABR_Preprocessed,AdaBoost (n_estimators=500),"[[ 127 1462]
 [  26 8064]]",0.8463,0.8301,0.0799,0.1458,1589,0.8465,0.9968,0.9155,8090,40514,7877,195.6489,AdaBoost
LABR_Preprocessed_Balanced,AdaBoost (n_estimators=500),"[[6337 1761]
 [2737 5371]]",0.7224,0.6984,0.7825,0.7381,8098,0.7531,0.6624,0.7049,8108,40514,40514,285.9208,AdaBoost
